{
  "model": "HistGradientBoostingRegressor(loss='poisson')",
  "train_rows": 17388,
  "test_rows": 4347,
  "train_months": 28,
  "test_months": 7,
  "actual_total": 141423.0,
  "pred_total": 154146.15842018888,
  "mae": 20.04689289142564,
  "rmse": 36.27040827225562,
  "smape": 1.114806941381861,
  "wape": 0.6161928639544293,
  "bias_ratio": 0.08996527028976102,
  "r2": 0.5677921282008163
}